 .5126105E-04, .4973654E-04, .4794411E-04, .4533796E-04, .4291310E-04
 .4015333E-04, .3738003E-04, .3911923E-04, .4146520E-04, .3581326E-04
 .3010959E-04, .3343461E-04, .3238450E-04, .2311747E-04, .1899182E-04
 .1348905E-04, .5258047E-05, .7382521E-05, .8844870E-05, .4505391E-05
 .1303838E-04, .1952095E-04, .7874682E-05,-1.50E-05,-2.66E-05
-3.29E-05,-3.32E-05,-3.33E-05,-3.67E-05,-6.66E-05
-9.03E-05,-4.70E-05, .6805941E-04, .1081664E-03, .2176026E-04
-2.35E-05, .4249636E-04, .9770912E-04, .3574579E-04,-5.02E-05
-6.63E-05,-8.65E-05,-1.22E-04,-1.01E-04,-7.26E-05
-1.11E-04,-2.23E-04,-2.53E-04,-7.86E-05, .8958249E-04
 .1637943E-04,-6.98E-07,-5.34E-06,-1.41E-04,-2.24E-04
-2.46E-04,-1.84E-04, .4699977E-05,-2.68E-05,-2.04E-04
-1.49E-04, .2364122E-04, .4254207E-04,-7.51E-05,-1.20E-04
-2.06E-05, .3666264E-04,-1.06E-04,-2.47E-04,-3.14E-04
-3.37E-04,-3.68E-04,-8.06E-05, .3907684E-03, .2557645E-03
-1.94E-04,-2.59E-04, .6582166E-06, .7342245E-05,-5.95E-05
-1.06E-04,-1.69E-04,-2.87E-04,-3.91E-04,-4.28E-04
-6.60E-04,-8.78E-04,-7.90E-04,-5.86E-04,-4.32E-04
-3.92E-04,-5.12E-04,-4.42E-04,-3.26E-04,-1.75E-04
-2.86E-04,-4.43E-04,-3.65E-04,-4.33E-04,-6.12E-04
-8.08E-04,-5.38E-04,-2.37E-05,-1.19E-04,-3.47E-04
-6.86E-05, .3100939E-03, .2261819E-03,-2.78E-04,-4.66E-04
-1.74E-04, .2777146E-03, .3294597E-03,-2.43E-04,-7.10E-04
-7.38E-04,-9.12E-04,-1.18E-03,-1.23E-03,-9.54E-04
-5.47E-04,-3.76E-04,-9.37E-05, .3859315E-03, .3244841E-03
 .2678646E-03, .5441794E-03, .3462239E-03,-1.17E-04,-3.51E-04
-5.70E-04,-8.52E-04,-9.15E-04,-8.05E-04,-3.97E-04
-3.49E-04,-7.07E-04,-4.86E-04,-8.19E-05,-1.18E-04
-2.55E-04,-3.45E-04,-6.69E-04,-1.07E-03,-8.75E-04
-4.92E-04,-3.37E-04,-2.64E-04,-9.43E-04,-1.65E-03
-1.73E-03,-1.16E-03,-3.07E-04, .1022401E-03, .1575348E-03
-2.16E-04,-6.83E-04,-7.51E-04,-9.84E-04,-1.04E-03
-9.78E-04,-8.25E-04,-1.66E-04, .1088107E-03,-1.99E-04
-3.09E-04,-1.85E-04,-6.41E-04,-1.56E-03,-1.32E-03
-5.35E-04,-5.62E-04,-2.94E-04,-3.82E-05,-4.46E-04
-2.99E-04, .3503603E-03, .6666507E-04,-1.11E-03,-1.11E-03
-4.31E-04,-1.06E-03,-1.87E-03,-1.51E-03,-4.44E-04
 .1325166E-03, .3337727E-03, .2059646E-03, .2941583E-06, .2868863E-03
-3.78E-05,-7.77E-04,-9.37E-04,-9.42E-04,-6.99E-04
-8.51E-04,-1.27E-03,-8.59E-04, .6207623E-04, .4274263E-03
-4.49E-04,-1.26E-03,-8.94E-04,-5.08E-04,-8.75E-04
-1.58E-03,-1.77E-03,-1.10E-03,-2.22E-04, .5234229E-03
-2.73E-04,-1.67E-03,-1.72E-03,-7.24E-04,-3.27E-04
-9.26E-04,-1.13E-03, .2352634E-03, .1382410E-02, .7541783E-03
-4.86E-04,-1.60E-03,-1.88E-03,-1.46E-03,-1.04E-03
-1.21E-03,-1.97E-03,-1.51E-03,-3.58E-04, .2918273E-03
 .6045182E-03, .3749117E-03,-1.04E-04,-8.54E-05, .6644832E-03
 .5613150E-03,-1.37E-03,-2.79E-03,-2.54E-03,-2.21E-03
-2.67E-03,-2.98E-03,-1.64E-03, .5345178E-04, .4894508E-03
-7.76E-05,-4.57E-04,-3.76E-05, .3819233E-03, .4816900E-03
-2.82E-04,-1.60E-03,-2.37E-03,-2.12E-03,-1.85E-03
-1.21E-03, .2964203E-05, .2274127E-03,-6.19E-04,-5.11E-04
 .2697590E-03,-1.58E-04,-1.06E-03,-1.49E-03,-1.05E-03
-7.74E-04,-1.14E-03,-1.11E-03,-9.82E-04,-7.08E-04
-1.18E-03,-2.51E-03,-3.76E-03,-4.75E-03,-3.75E-03
-1.10E-03, .2098871E-02, .4815559E-02, .4962313E-02, .2426232E-02
-1.01E-03,-1.85E-03, .3105095E-04, .1416450E-02, .5034426E-03
-1.32E-03,-1.80E-03,-3.29E-04, .1218264E-02, .7941203E-03
-1.31E-03,-3.18E-03,-2.93E-03,-1.69E-03,-1.23E-03
-8.69E-04, .1860942E-02, .5650898E-02, .5360145E-02,-8.61E-05
-6.47E-03,-8.22E-03,-3.53E-03, .1930399E-02, .2530052E-02
-1.48E-03,-4.92E-03,-4.77E-03,-2.80E-03,-2.16E-03
-5.52E-03,-8.41E-03,-3.94E-03, .4142807E-02, .6886149E-02
 .2727165E-02,-1.78E-03,-4.85E-04, .4065848E-02, .4601613E-02
-1.48E-03,-9.14E-03,-1.10E-02,-5.43E-03, .2376565E-02
 .4549733E-02,-2.04E-04,-4.89E-03,-5.40E-03,-4.43E-03
-5.21E-03,-6.60E-03,-4.81E-03,-7.37E-04, .2178424E-02
 .1568080E-02,-2.67E-03,-7.08E-03,-6.72E-03,-9.22E-04
 .2698998E-02,-1.05E-03,-6.77E-03,-8.61E-03,-4.89E-03
 .1311357E-02, .3995348E-02, .4625661E-03,-6.03E-03,-9.30E-03
-6.53E-03, .1194801E-03, .4090398E-02, .2208997E-02,-1.92E-03
-4.35E-03,-4.27E-03,-3.75E-03,-3.76E-03,-4.66E-03
-4.48E-03,-9.68E-04, .5328128E-02, .8808255E-02, .6090954E-02
-3.50E-04,-6.97E-03,-1.23E-02,-1.66E-02,-1.75E-02
-1.32E-02,-3.72E-03, .5319970E-02, .6982992E-02, .8656065E-03
-6.45E-03,-6.88E-03, .1364204E-02, .1035300E-01, .1109380E-01
 .3575976E-02,-5.82E-03,-1.07E-02,-9.55E-03,-5.68E-03
-3.24E-03,-2.85E-03,-9.43E-04, .2489809E-02, .3597374E-02
 .1735716E-03,-6.18E-03,-1.15E-02,-1.42E-02,-1.34E-02
-1.03E-02,-6.58E-03,-2.63E-03, .3357686E-02, .1354728E-01
 .2425007E-01, .2660654E-01, .1741877E-01, .2544242E-02,-8.11E-03
-8.34E-03,-3.16E-03,-2.11E-03,-8.64E-03,-1.47E-02
-1.09E-02, .2984627E-03, .8056055E-02, .4927561E-02,-4.11E-03
-4.44E-03, .9503735E-02, .2684891E-01, .3087781E-01, .1574633E-01
-6.72E-03,-1.84E-02,-1.23E-02, .6868415E-03, .5410999E-02
-5.00E-03,-2.21E-02,-2.76E-02,-1.41E-02, .5147622E-02
 .1347884E-01, .5599043E-02,-7.54E-03,-1.08E-02, .3287212E-03
 .1803694E-01, .2990371E-01, .3099878E-01, .2589290E-01, .2284663E-01
 .2587967E-01, .3127783E-01, .3244208E-01, .2729000E-01, .2061255E-01
 .1756259E-01, .1733411E-01, .1246166E-01,-2.95E-03,-2.68E-02
-5.25E-02,-7.36E-02,-8.30E-02,-7.38E-02,-4.50E-02
-3.81E-03, .3853647E-01, .7300414E-01, .9623761E-01, .1098436E+00
 .1135569E+00, .1035196E+00, .7972671E-01, .5245080E-01, .3351489E-01
 .2160440E-01, .3606986E-02,-2.79E-02,-6.52E-02,-9.34E-02
-1.04E-01,-1.04E-01,-1.07E-01,-1.17E-01,-1.21E-01
-1.06E-01,-7.14E-02,-3.23E-02,-5.55E-03, .1374723E-02
-6.99E-03,-1.61E-02,-7.21E-03, .2833260E-01, .7828694E-01
 .1167603E+00, .1271664E+00, .1131111E+00, .9612181E-01, .1013461E+00
 .1324363E+00, .1646298E+00, .1684002E+00, .1361752E+00, .9190360E-01
 .6983744E-01, .7988613E-01, .9675896E-01, .8666466E-01, .4097469E-01
-1.73E-02,-5.53E-02,-5.69E-02,-3.51E-02,-1.60E-02
-1.39E-02,-1.88E-02,-9.61E-03, .1935777E-01, .5323795E-01
 .7307546E-01, .7200417E-01, .6073453E-01, .5556545E-01, .6241851E-01
 .7199391E-01, .6759797E-01, .3696685E-01,-1.96E-02,-8.55E-02
-1.35E-01,-1.47E-01,-1.21E-01,-8.28E-02,-6.26E-02
-6.95E-02,-8.85E-02,-9.91E-02,-9.78E-02,-9.62E-02
-1.04E-01,-1.10E-01,-9.22E-02,-3.96E-02, .3271633E-01
 .9863961E-01, .1381627E+00, .1483403E+00, .1414247E+00, .1301602E+00
 .1215603E+00, .1166858E+00, .1109500E+00, .1007113E+00, .9175295E-01
 .9498904E-01, .1084710E+00, .1151445E+00, .9982232E-01, .6096098E-01
 .1043573E-01,-3.41E-02,-6.33E-02,-8.15E-02,-9.24E-02
-9.21E-02,-7.36E-02,-3.85E-02,-4.80E-03, .2202486E-02
-2.72E-02,-7.82E-02,-1.27E-01,-1.58E-01,-1.71E-01
-1.72E-01,-1.64E-01,-1.42E-01,-1.07E-01,-6.00E-02
-1.02E-02, .3151583E-01, .5968440E-01, .7935326E-01, .9859767E-01
 .1211351E+00, .1403116E+00, .1434020E+00, .1209939E+00, .6989174E-01
-4.20E-03,-7.79E-02,-1.23E-01,-1.31E-01,-1.17E-01
-1.00E-01,-9.08E-02,-9.09E-02,-9.47E-02,-9.92E-02
-1.06E-01,-1.13E-01,-1.17E-01,-1.13E-01,-1.04E-01
-9.70E-02,-1.01E-01,-1.17E-01,-1.35E-01,-1.46E-01
-1.51E-01,-1.55E-01,-1.59E-01,-1.57E-01,-1.38E-01
-9.64E-02,-3.73E-02, .2574728E-01, .7856969E-01, .1132810E+00
 .1312695E+00, .1356578E+00, .1257606E+00, .1001741E+00, .6358220E-01
 .2916479E-01, .1337385E-01, .2500398E-01, .5839167E-01, .9564294E-01
 .1217348E+00, .1350998E+00, .1442350E+00, .1550119E+00, .1662916E+00
 .1748456E+00, .1781692E+00, .1733099E+00, .1586165E+00, .1350493E+00
 .1032816E+00, .6490710E-01, .2656792E-01,-4.99E-03,-2.70E-02
-3.96E-02,-4.31E-02,-3.68E-02,-2.20E-02,-2.82E-03
 .1543843E-01, .2679217E-01, .2800345E-01, .2116460E-01, .1235060E-01
 .6083111E-02, .7795212E-02, .2250685E-01, .4477574E-01, .5846942E-01
 .4980161E-01, .1717279E-01,-2.90E-02,-7.26E-02,-9.86E-02
-1.07E-01,-1.12E-01,-1.27E-01,-1.44E-01,-1.44E-01
-1.11E-01,-5.04E-02, .1629776E-01, .6646321E-01, .9720271E-01
 .1188772E+00, .1390147E+00, .1542012E+00, .1554973E+00, .1386113E+00
 .1074197E+00, .7203711E-01, .3922593E-01, .5872604E-02,-3.49E-02
-8.60E-02,-1.38E-01,-1.74E-01,-1.84E-01,-1.75E-01
-1.64E-01,-1.66E-01,-1.75E-01,-1.66E-01,-1.19E-01
-3.61E-02, .5681624E-01, .1329180E+00, .1781343E+00, .1933333E+00
 .1886222E+00, .1771841E+00, .1674763E+00, .1553138E+00, .1296655E+00
 .8801389E-01, .4129533E-01, .2195209E-02,-2.12E-02,-2.51E-02
-1.55E-02,-4.36E-03, .4323242E-02, .1970413E-01, .5421985E-01
 .1067278E+00, .1642524E+00, .2160138E+00, .2566445E+00, .2846331E+00
 .2988127E+00, .2975947E+00, .2828946E+00, .2595271E+00, .2311502E+00
 .1906305E+00, .1258421E+00, .4039705E-01,-5.11E-02,-1.47E-01
-2.56E-01,-3.66E-01,-4.44E-01,-4.80E-01,-4.83E-01
-4.70E-01,-4.52E-01,-4.37E-01,-4.21E-01,-3.84E-01
-3.14E-01,-2.25E-01,-1.40E-01,-6.64E-02,-3.98E-04
 .6058987E-01, .1188072E+00, .1737803E+00, .2180236E+00, .2405111E+00
 .2382443E+00, .2242756E+00, .2120549E+00, .2044768E+00, .2030416E+00
 .2044117E+00, .1983663E+00, .1788279E+00, .1494171E+00, .1183061E+00
 .9019424E-01, .7007365E-01, .6286393E-01, .6932189E-01, .8551677E-01
 .1068185E+00, .1297953E+00, .1527931E+00, .1733447E+00, .1861107E+00
 .1856554E+00, .1680390E+00, .1323311E+00, .8062321E-01, .1894864E-01
-4.70E-02,-1.13E-01,-1.76E-01,-2.30E-01,-2.70E-01
-2.99E-01,-3.20E-01,-3.40E-01,-3.55E-01,-3.59E-01
-3.52E-01,-3.42E-01,-3.32E-01,-3.13E-01,-2.73E-01
-2.16E-01,-1.54E-01,-9.36E-02,-4.61E-02,-1.87E-02
-4.18E-03, .1240898E-01, .4033063E-01, .7888100E-01, .1230751E+00
 .1647899E+00, .2000337E+00, .2300116E+00, .2551540E+00, .2726915E+00
 .2795315E+00, .2767895E+00, .2717525E+00, .2737527E+00, .2854879E+00
 .2970801E+00, .2887036E+00, .2455337E+00, .1745979E+00, .9395904E-01
 .1190572E-01,-7.18E-02,-1.57E-01,-2.39E-01,-3.05E-01
-3.46E-01,-3.63E-01,-3.66E-01,-3.64E-01,-3.65E-01
-3.65E-01,-3.51E-01,-3.10E-01,-2.43E-01,-1.76E-01
-1.36E-01,-1.21E-01,-1.16E-01,-1.12E-01,-1.05E-01
-8.71E-02,-6.01E-02,-2.80E-02, .9299717E-02, .5257754E-01
 .9859485E-01, .1415698E+00, .1763344E+00, .2018956E+00, .2224967E+00
 .2432793E+00, .2676769E+00, .2954864E+00, .3209060E+00, .3389195E+00
 .3500971E+00, .3558615E+00, .3569132E+00, .3450196E+00, .3057739E+00
 .2425292E+00, .1774016E+00, .1226386E+00, .7369888E-01, .2664214E-01
-1.95E-02,-6.63E-02,-1.07E-01,-1.33E-01,-1.50E-01
-1.66E-01,-1.87E-01,-2.10E-01,-2.33E-01,-2.51E-01
-2.56E-01,-2.51E-01,-2.40E-01,-2.29E-01,-2.22E-01
-2.17E-01,-2.12E-01,-2.10E-01,-2.06E-01,-2.03E-01
-2.08E-01,-2.27E-01,-2.57E-01,-2.89E-01,-3.19E-01
-3.41E-01,-3.44E-01,-3.19E-01,-2.71E-01,-2.10E-01
-1.43E-01,-7.03E-02, .7282041E-02, .8926968E-01, .1709025E+00
 .2446193E+00, .3061404E+00, .3555418E+00, .3959838E+00, .4300385E+00
 .4572805E+00, .4742365E+00, .4789180E+00, .4722883E+00, .4556213E+00
 .4336565E+00, .4130710E+00, .3897259E+00, .3489047E+00, .2803362E+00
 .1903082E+00, .9526157E-01, .1296718E-01,-4.68E-02,-8.80E-02
-1.21E-01,-1.57E-01,-2.01E-01,-2.40E-01,-2.62E-01
-2.63E-01,-2.45E-01,-2.13E-01,-1.64E-01,-9.67E-02
-2.81E-02, .1349830E-01, .1756164E-01, .2377093E-02,-1.01E-02
-1.61E-02,-2.09E-02,-2.78E-02,-4.03E-02,-6.34E-02
-9.62E-02,-1.31E-01,-1.55E-01,-1.60E-01,-1.42E-01
-1.06E-01,-5.84E-02,-6.01E-03, .4748415E-01, .9500840E-01
 .1300021E+00, .1558616E+00, .1801806E+00, .2044861E+00, .2252425E+00
 .2423254E+00, .2568413E+00, .2681780E+00, .2720328E+00, .2633691E+00
 .2386167E+00, .1954978E+00, .1362129E+00, .7103144E-01, .1366485E-01
-2.95E-02,-6.01E-02,-7.83E-02,-8.56E-02,-8.70E-02
-8.88E-02,-9.17E-02,-8.74E-02,-6.72E-02,-3.53E-02
-4.07E-03, .1747273E-01, .2769507E-01, .3206942E-01, .3482780E-01
 .2919453E-01, .9503207E-02,-1.58E-02,-3.63E-02,-4.78E-02
-5.12E-02,-5.14E-02,-5.32E-02,-5.85E-02,-6.56E-02
-7.31E-02,-8.05E-02,-8.36E-02,-7.42E-02,-4.93E-02
-1.70E-02, .9998000E-02, .2620484E-01, .3586657E-01, .4209021E-01
 .4663913E-01, .5463084E-01, .6813003E-01, .8488788E-01, .1019500E+00
 .1154216E+00, .1257484E+00, .1379757E+00, .1538821E+00, .1689458E+00
 .1772571E+00, .1758801E+00, .1678815E+00, .1618420E+00, .1625705E+00
 .1692483E+00, .1780105E+00, .1816443E+00, .1734456E+00, .1504598E+00
 .1150586E+00, .7217533E-01, .2758384E-01,-1.29E-02,-4.14E-02
-5.63E-02,-6.63E-02,-8.33E-02,-1.11E-01,-1.47E-01
-1.87E-01,-2.26E-01,-2.60E-01,-2.78E-01,-2.78E-01
-2.61E-01,-2.37E-01,-2.09E-01,-1.77E-01,-1.42E-01
-1.09E-01,-8.32E-02,-6.78E-02,-6.73E-02,-8.21E-02
-1.02E-01,-1.16E-01,-1.17E-01,-1.09E-01,-1.02E-01
-1.06E-01,-1.24E-01,-1.46E-01,-1.64E-01,-1.74E-01
-1.76E-01,-1.72E-01,-1.64E-01,-1.55E-01,-1.46E-01
-1.37E-01,-1.22E-01,-1.00E-01,-7.20E-02,-4.21E-02
-1.64E-02, .2995544E-02, .1787344E-01, .2873608E-01, .3456296E-01
 .3604592E-01, .3491970E-01, .3302584E-01, .2949506E-01, .2189193E-01
 .1108934E-01,-4.16E-04,-1.24E-02,-2.13E-02,-1.85E-02
-2.06E-03, .2229793E-01, .4771667E-01, .7106937E-01, .9401875E-01
 .1199585E+00, .1480973E+00, .1718491E+00, .1841890E+00, .1853363E+00
 .1787165E+00, .1675990E+00, .1563090E+00, .1451059E+00, .1313483E+00
 .1150422E+00, .1004769E+00, .9128570E-01, .8751858E-01, .8646813E-01
 .8624873E-01, .8608387E-01, .8301998E-01, .7106292E-01, .4769720E-01
 .1628335E-01,-1.77E-02,-4.87E-02,-7.65E-02,-1.06E-01
-1.37E-01,-1.62E-01,-1.80E-01,-1.93E-01,-2.06E-01
-2.22E-01,-2.37E-01,-2.48E-01,-2.49E-01,-2.30E-01
-1.89E-01,-1.37E-01,-9.01E-02,-5.47E-02,-3.05E-02
-1.52E-02,-5.95E-03, .5297865E-02, .2635980E-01, .5728576E-01
 .9376193E-01, .1298624E+00, .1593031E+00, .1808222E+00, .1944547E+00
 .1959398E+00, .1798331E+00, .1467329E+00, .1058519E+00, .7257053E-01
 .5428096E-01, .4790287E-01, .4962285E-01, .5864761E-01, .7306821E-01
 .8929594E-01, .1030017E+00, .1070518E+00, .9690317E-01, .7884768E-01
 .6221824E-01, .4712856E-01, .2948292E-01, .7077538E-02,-1.98E-02
-5.03E-02,-7.99E-02,-1.02E-01,-1.13E-01,-1.18E-01
-1.21E-01,-1.28E-01,-1.40E-01,-1.56E-01,-1.71E-01
-1.82E-01,-1.81E-01,-1.58E-01,-1.19E-01,-7.28E-02
-2.88E-02, .1011309E-01, .3974585E-01, .5731426E-01, .6324538E-01
 .5782368E-01, .4293342E-01, .2451424E-01, .1100337E-01, .7090707E-02
 .1090252E-01, .1824111E-01, .2735681E-01, .3893990E-01, .5427823E-01
 .7225487E-01, .9050914E-01, .1072427E+00, .1196585E+00, .1284329E+00
 .1388722E+00, .1534797E+00, .1682797E+00, .1786631E+00, .1801803E+00
 .1663642E+00, .1363756E+00, .1016368E+00, .7495114E-01, .5921831E-01
 .5030347E-01, .4483008E-01, .4376558E-01, .4864400E-01, .6049636E-01
 .7671013E-01, .9154536E-01, .1012180E+00, .1041399E+00, .9937091E-01
 .8639360E-01, .7115025E-01, .6197449E-01, .5821238E-01, .5357230E-01
 .4246986E-01, .2175377E-01,-6.39E-03,-3.50E-02,-5.87E-02
-7.78E-02,-9.23E-02,-9.87E-02,-9.26E-02,-7.57E-02
-5.73E-02,-4.53E-02,-3.91E-02,-3.59E-02,-3.36E-02
-3.03E-02,-2.57E-02,-2.15E-02,-1.65E-02,-7.27E-03
 .5926779E-02, .1934328E-01, .2934658E-01, .3558182E-01, .4022443E-01
 .4423977E-01, .4479888E-01, .3936822E-01, .2747928E-01, .1220736E-01
-1.57E-03,-1.11E-02,-1.64E-02,-1.84E-02,-1.89E-02
-1.97E-02,-2.40E-02,-3.32E-02,-4.65E-02,-6.10E-02
-7.27E-02,-7.90E-02,-7.79E-02,-7.26E-02,-6.76E-02
-6.51E-02,-6.63E-02,-7.05E-02,-7.42E-02,-7.16E-02
-6.25E-02,-5.13E-02,-4.19E-02,-3.95E-02,-4.68E-02
-5.80E-02,-6.62E-02,-6.91E-02,-6.71E-02,-5.99E-02
-4.82E-02,-3.29E-02,-1.51E-02, .5423059E-02, .2959321E-01
 .5612005E-01, .8271662E-01, .1084458E+00, .1318333E+00, .1522130E+00
 .1656816E+00, .1669486E+00, .1552888E+00, .1322552E+00, .1006226E+00
 .6400313E-01, .2746365E-01,-4.96E-03,-2.98E-02,-4.39E-02
-4.74E-02,-4.64E-02,-4.61E-02,-4.30E-02,-3.24E-02
-1.91E-02,-9.63E-03,-3.84E-03,-1.96E-03,-7.14E-03
-1.96E-02,-3.53E-02,-5.00E-02,-6.37E-02,-7.84E-02
-8.81E-02,-8.52E-02,-7.07E-02,-5.46E-02,-4.84E-02
-5.63E-02,-7.05E-02,-8.18E-02,-8.71E-02,-8.75E-02
-8.56E-02,-8.19E-02,-7.67E-02,-7.22E-02,-7.01E-02
-6.87E-02,-6.52E-02,-5.61E-02,-4.11E-02,-2.45E-02
-1.04E-02, .1936793E-02, .1511046E-01, .3107357E-01, .4815385E-01
 .6282536E-01, .7273670E-01, .7552914E-01, .7000845E-01, .5824282E-01
 .4324267E-01, .2995151E-01, .2264143E-01, .2000124E-01, .1833158E-01
 .1508114E-01, .1016711E-01, .7547133E-02, .9690743E-02, .1387002E-01
 .1819369E-01, .2226930E-01, .2489586E-01, .2628719E-01, .2819442E-01
 .3066059E-01, .3625611E-01, .4931096E-01, .6780075E-01, .8456305E-01
 .9567801E-01, .1022277E+00, .1079053E+00, .1162810E+00, .1268656E+00
 .1359668E+00, .1402705E+00, .1383613E+00, .1279236E+00, .1091661E+00
 .8531575E-01, .6048634E-01, .3917384E-01, .2381121E-01, .1464734E-01
 .1125343E-01, .1032519E-01, .6126985E-02,-2.94E-03,-1.42E-02
-2.65E-02,-4.04E-02,-5.68E-02,-7.61E-02,-9.62E-02
-1.13E-01,-1.25E-01,-1.32E-01,-1.35E-01,-1.36E-01
-1.35E-01,-1.29E-01,-1.15E-01,-9.46E-02,-7.13E-02
-5.19E-02,-3.85E-02,-2.94E-02,-2.42E-02,-2.26E-02
-2.12E-02,-1.90E-02,-2.02E-02,-2.80E-02,-4.04E-02
-5.34E-02,-6.25E-02,-6.55E-02,-6.32E-02,-5.73E-02
-4.97E-02,-4.11E-02,-2.97E-02,-1.62E-02,-2.75E-03
 .1082689E-01, .2422133E-01, .3687056E-01, .4997793E-01, .6286264E-01
 .7245068E-01, .7833968E-01, .8083058E-01, .7940728E-01, .7349592E-01
 .6502580E-01, .5710402E-01, .5101929E-01, .4357607E-01, .3355970E-01
 .2623991E-01, .2559155E-01, .3094530E-01, .4047020E-01, .5224123E-01
 .6336652E-01, .7396606E-01, .8412065E-01, .9137768E-01, .9458097E-01
 .9241643E-01, .8288544E-01, .6832880E-01, .5227591E-01, .3816266E-01
 .2865639E-01, .2422584E-01, .2425484E-01, .2891607E-01, .3571347E-01
 .3967351E-01, .3888829E-01, .3430707E-01, .2672226E-01, .1651659E-01
 .5966069E-02,-1.28E-03,-2.28E-03, .2257444E-02, .1047734E-01
 .1924051E-01, .2561483E-01, .2927452E-01, .3169837E-01, .3353664E-01
 .3126469E-01, .2336176E-01, .1403377E-01, .6797071E-02, .1643791E-02
-3.45E-03,-1.13E-02,-2.21E-02,-3.28E-02,-4.03E-02
-4.38E-02,-4.49E-02,-4.45E-02,-4.30E-02,-4.03E-02
-3.88E-02,-3.89E-02,-3.87E-02,-3.93E-02,-4.23E-02
-4.56E-02,-4.66E-02,-4.47E-02,-4.18E-02,-3.91E-02
-3.42E-02,-2.62E-02,-1.56E-02,-2.83E-03, .1275806E-01
 .2759026E-01, .3735228E-01, .4138125E-01, .3992360E-01, .3222025E-01
 .1990619E-01, .6618402E-02,-4.13E-03,-1.14E-02,-1.61E-02
-1.97E-02,-2.44E-02,-3.05E-02,-3.54E-02,-3.74E-02
-3.70E-02,-3.61E-02,-3.70E-02,-4.18E-02,-4.98E-02
-5.70E-02,-5.87E-02,-5.16E-02,-3.62E-02,-1.73E-02
-5.01E-04, .1376862E-01, .2813526E-01, .4274945E-01, .5428235E-01
 .5821409E-01, .5118470E-01, .3463500E-01, .1534266E-01,-3.94E-04
-1.14E-02,-1.87E-02,-2.33E-02,-2.89E-02,-3.83E-02
-4.83E-02,-5.19E-02,-4.74E-02,-4.07E-02,-3.63E-02
-3.61E-02,-3.83E-02,-3.81E-02,-3.34E-02,-2.75E-02
-2.60E-02,-3.11E-02,-4.13E-02,-5.18E-02,-5.77E-02
-5.87E-02,-5.76E-02,-5.66E-02,-5.75E-02,-5.87E-02
-5.74E-02,-5.40E-02,-5.12E-02,-5.21E-02,-5.71E-02
-6.12E-02,-6.25E-02,-6.48E-02,-6.92E-02,-7.31E-02
-7.74E-02,-8.42E-02,-9.27E-02,-1.02E-01,-1.11E-01
-1.15E-01,-1.09E-01,-8.76E-02,-5.37E-02,-1.47E-02
 .2223880E-01, .5253763E-01, .7473311E-01, .8997286E-01, .1010331E+00
 .1072958E+00, .1067097E+00, .1000992E+00, .8984286E-01, .7894651E-01
 .6883201E-01, .5704189E-01, .4132727E-01, .2300307E-01, .4784590E-02
-1.27E-02,-3.01E-02,-4.36E-02,-4.81E-02,-4.27E-02
-3.08E-02,-1.75E-02,-5.00E-03, .7738909E-02, .1959075E-01
 .2731704E-01, .2891035E-01, .2400822E-01, .1606812E-01, .9158175E-02
 .4010163E-02, .4790802E-03, .3343602E-03, .4463033E-02, .1176595E-01
 .1919406E-01, .2414428E-01, .3031271E-01, .4359297E-01, .6458786E-01
 .8892653E-01, .1114770E+00, .1275920E+00, .1336112E+00, .1264866E+00
 .1091496E+00, .8960743E-01, .7347655E-01, .6075775E-01, .4993802E-01
 .4048673E-01, .3235650E-01, .2750056E-01, .2819424E-01, .3541337E-01
 .4705847E-01, .5749692E-01, .6156265E-01, .5637956E-01, .4272059E-01
 .2798493E-01, .1992624E-01, .2012543E-01, .2636885E-01, .3493757E-01
 .4109578E-01, .4394041E-01, .4729197E-01, .5278260E-01, .6074115E-01
 .6997685E-01, .7697912E-01, .7729305E-01, .6686006E-01, .4683059E-01
 .2305307E-01, .7947722E-04,-1.98E-02,-3.71E-02,-5.18E-02
-6.14E-02,-6.26E-02,-5.39E-02,-3.83E-02,-2.11E-02
-6.86E-03, .1068444E-02, .4057118E-02, .5176738E-02, .6836311E-02
 .1047716E-01, .1367735E-01, .1282208E-01, .5965599E-02,-3.70E-03
-1.12E-02,-1.53E-02,-1.69E-02,-1.81E-02,-2.09E-02
-2.58E-02,-3.32E-02,-4.21E-02,-4.96E-02,-5.22E-02
-4.69E-02,-3.28E-02,-1.49E-02, .4744776E-03, .1051393E-01
 .1529944E-01, .1636400E-01, .1526697E-01, .1276120E-01, .7363914E-02
-1.92E-03,-1.52E-02,-3.21E-02,-5.00E-02,-6.58E-02
-7.58E-02,-7.66E-02,-6.84E-02,-5.61E-02,-4.57E-02
-4.07E-02,-4.00E-02,-4.17E-02,-4.73E-02,-5.87E-02
-7.28E-02,-8.42E-02,-8.95E-02,-8.92E-02,-8.43E-02
-7.51E-02,-6.23E-02,-4.59E-02,-2.75E-02,-9.97E-03
 .5414107E-02, .1777720E-01, .2575018E-01, .2835714E-01, .2746686E-01
 .2674921E-01, .2924551E-01, .3458373E-01, .3931681E-01, .4066332E-01
 .3948853E-01, .3841346E-01, .3974908E-01, .4317829E-01, .4664830E-01
 .4703120E-01, .4052207E-01, .2683500E-01, .9460769E-02,-5.92E-03
-1.54E-02,-1.88E-02,-1.82E-02,-1.66E-02,-1.62E-02
-1.73E-02,-1.70E-02,-1.37E-02,-9.98E-03,-7.52E-03
-5.15E-03,-3.16E-03,-3.81E-03,-9.01E-03,-1.76E-02
-2.64E-02,-3.29E-02,-3.71E-02,-4.05E-02,-4.39E-02
-4.64E-02,-4.55E-02,-4.26E-02,-4.07E-02,-4.11E-02
-4.41E-02,-4.96E-02,-5.56E-02,-5.97E-02,-6.07E-02
-5.65E-02,-4.70E-02,-3.39E-02,-2.10E-02,-1.07E-02
-2.88E-03, .3459561E-02, .8482369E-02, .1269413E-01, .1707413E-01
 .2133017E-01, .2578377E-01, .3235402E-01, .3982911E-01, .4682545E-01
 .5237052E-01, .5598515E-01, .5898700E-01, .6172560E-01, .6389551E-01
 .6724418E-01, .7106750E-01, .7327746E-01, .7259775E-01, .6921988E-01
 .6372498E-01, .5663734E-01, .4850255E-01, .4013378E-01, .3317151E-01
 .2874760E-01, .2733625E-01, .3021134E-01, .3482291E-01, .3568019E-01
 .3108444E-01, .2312897E-01, .1462259E-01, .5475156E-02,-4.20E-03
-1.13E-02,-1.37E-02,-1.15E-02,-6.39E-03, .6267290E-03
 .8910482E-02, .1757383E-01, .2696907E-01, .3664202E-01, .4459960E-01
 .4966559E-01, .5257073E-01, .5267118E-01, .4809738E-01, .4085311E-01
 .3479710E-01, .3098174E-01, .2793448E-01, .2269702E-01, .1366917E-01
 .2858955E-02,-7.49E-03,-1.57E-02,-2.20E-02,-2.71E-02
-3.05E-02,-3.07E-02,-2.65E-02,-1.72E-02,-5.00E-03
 .8077805E-02, .1924808E-01, .2504302E-01, .2449633E-01, .1704850E-01
 .2756078E-02,-1.48E-02,-3.23E-02,-4.78E-02,-5.80E-02
-6.30E-02,-6.57E-02,-6.72E-02,-6.91E-02,-7.06E-02
-6.65E-02,-5.55E-02,-4.06E-02,-2.63E-02,-1.61E-02
-8.10E-03,-2.62E-04, .7108099E-02, .1238803E-01, .1553011E-01
 .1634717E-01, .1441429E-01, .1093926E-01, .8260705E-02, .8630598E-02
 .1042924E-01, .1059740E-01, .9144867E-02, .6180043E-02, .2092440E-02
-5.80E-04, .6364472E-03, .5660041E-02, .1211182E-01, .1960570E-01
 .2828991E-01, .3718371E-01, .4627788E-01, .5464469E-01, .5835137E-01
 .5420381E-01, .4211952E-01, .2449085E-01, .4585049E-02,-1.31E-02
-2.73E-02,-3.74E-02,-4.15E-02,-4.03E-02,-3.59E-02
-2.97E-02,-2.40E-02,-2.09E-02,-2.03E-02,-2.21E-02
-2.45E-02,-2.39E-02,-1.92E-02,-1.34E-02,-9.72E-03
-8.50E-03,-9.03E-03,-9.95E-03,-1.04E-02,-9.45E-03
-6.93E-03,-4.64E-03,-2.45E-03, .2071283E-02, .8114084E-02
 .1247058E-01, .1521238E-01, .1669690E-01, .1550556E-01, .1195718E-01
 .9170522E-02, .9510285E-02, .1304419E-01, .1705205E-01, .1864770E-01
 .1726763E-01, .1460260E-01, .1165780E-01, .7829730E-02, .1502159E-02
-7.94E-03,-1.66E-02,-2.05E-02,-2.07E-02,-1.95E-02
-1.77E-02,-1.45E-02,-9.13E-03,-1.79E-03, .4840333E-02
 .8623215E-02, .1039887E-01, .1294032E-01, .1710956E-01, .2144118E-01
 .2312153E-01, .2068576E-01, .1541143E-01, .7505052E-02,-3.12E-03
-1.55E-02,-2.87E-02,-3.97E-02,-4.56E-02,-4.75E-02
-4.80E-02,-4.63E-02,-4.01E-02,-2.94E-02,-1.57E-02
-1.23E-03, .1195878E-01, .2376643E-01, .3282889E-01, .3855493E-01
 .4054831E-01, .3772878E-01, .3038806E-01, .2084970E-01, .1103683E-01
 .1920767E-02,-5.74E-03,-1.05E-02,-1.18E-02,-1.07E-02
-1.06E-02,-1.25E-02,-1.34E-02,-1.09E-02,-4.53E-03
 .5145416E-02, .1487267E-01, .2019106E-01, .1838215E-01, .1169463E-01
 .4206426E-02,-1.36E-03,-5.27E-03,-9.80E-03,-1.57E-02
-2.17E-02,-2.64E-02,-2.90E-02,-3.02E-02,-3.11E-02
-3.16E-02,-3.16E-02,-3.01E-02,-2.55E-02,-1.74E-02
-7.67E-03, .1359584E-02, .8380843E-02, .1251415E-01, .1484791E-01
 .1702418E-01, .2075448E-01, .2675875E-01, .3204336E-01, .3332121E-01
 .3008242E-01, .2305717E-01, .1473691E-01, .9394171E-02, .7517132E-02
 .6381881E-02, .5959350E-02, .6361135E-02, .6348505E-02, .5342344E-02
 .2311558E-02,-3.22E-03,-7.75E-03,-9.48E-03,-9.37E-03
-8.20E-03,-6.78E-03,-4.73E-03,-1.23E-03, .2518991E-02
 .4580772E-02, .4675351E-02, .2717729E-02,-3.10E-04,-3.81E-03
-7.19E-03,-9.50E-03,-1.06E-02,-1.08E-02,-8.30E-03
-2.12E-03, .4568812E-02, .9634125E-02, .1329908E-01, .1588994E-01
 .1593477E-01, .1176088E-01, .3424974E-02,-6.12E-03,-1.32E-02
-1.67E-02,-1.77E-02,-1.84E-02,-1.96E-02,-2.19E-02
-2.57E-02,-2.97E-02,-3.25E-02,-3.45E-02,-3.64E-02
-3.80E-02,-3.68E-02,-3.13E-02,-2.41E-02,-1.69E-02
-9.20E-03,-2.06E-03, .2077095E-02, .3448401E-02, .3188466E-02
 .2034092E-02, .3814646E-04,-3.45E-03,-6.93E-03,-7.84E-03
-4.47E-03, .2740550E-02, .1083248E-01, .1854567E-01, .2503928E-01
 .2991405E-01, .3407838E-01, .3631618E-01, .3377333E-01, .2711689E-01
 .1751172E-01, .7372815E-02,-1.69E-04,-4.69E-03,-7.53E-03
-8.55E-03,-8.60E-03,-1.03E-02,-1.36E-02,-1.68E-02
-1.97E-02,-2.21E-02,-2.39E-02,-2.39E-02,-2.39E-02
-2.63E-02,-2.95E-02,-3.10E-02,-3.08E-02,-2.85E-02
-2.42E-02,-1.91E-02,-1.13E-02,-1.26E-03, .9845717E-02
 .2059405E-01, .2932219E-01, .3701162E-01, .4483756E-01, .5223456E-01
 .5881516E-01, .6360586E-01, .6505006E-01, .6300768E-01, .5806605E-01
 .5122416E-01, .4471541E-01, .3993338E-01, .3597019E-01, .3130334E-01
 .2532686E-01, .2044113E-01, .1777732E-01, .1670331E-01, .1698743E-01
 .1921391E-01, .2331524E-01, .2958307E-01, .3834417E-01, .4640709E-01
 .5031634E-01, .4999411E-01, .4674330E-01, .4167210E-01, .3531608E-01
 .2734753E-01, .1781533E-01, .7450469E-02,-2.06E-03,-8.60E-03
-1.26E-02,-1.53E-02,-1.39E-02,-8.89E-03,-2.21E-03
 .6451519E-02, .1569355E-01, .2342812E-01, .2997459E-01, .3511464E-01
 .3701853E-01, .3652869E-01, .3428781E-01, .3058441E-01, .2566566E-01
 .1914494E-01, .1131683E-01, .4600885E-02,-1.13E-03,-6.46E-03
-9.35E-03,-1.15E-02,-1.63E-02,-2.25E-02,-2.76E-02
-3.20E-02,-3.38E-02,-3.20E-02,-2.83E-02,-2.39E-02
-1.93E-02,-1.47E-02,-1.01E-02,-6.90E-03,-5.76E-03
-5.14E-03,-6.20E-03,-1.04E-02,-1.56E-02,-1.98E-02
-2.38E-02,-2.86E-02,-3.38E-02,-3.93E-02,-4.43E-02
-4.75E-02,-4.75E-02,-4.30E-02,-3.66E-02,-3.14E-02
-2.64E-02,-2.14E-02,-1.73E-02,-1.40E-02,-1.27E-02
-1.40E-02,-1.75E-02,-2.22E-02,-2.87E-02,-3.55E-02
-4.01E-02,-4.14E-02,-3.93E-02,-3.59E-02,-3.34E-02
-3.23E-02,-3.23E-02,-3.22E-02,-2.97E-02,-2.46E-02
-1.88E-02,-1.34E-02,-8.46E-03,-4.72E-03,-1.69E-03
 .1781161E-02, .6071113E-02, .9557025E-02, .1093296E-01, .1162452E-01
 .1210121E-01, .1206097E-01, .1270662E-01, .1375239E-01, .1256511E-01
 .9639589E-02, .7992842E-02, .9406108E-02, .1208002E-01, .1387466E-01
 .1394652E-01, .1215085E-01, .8734537E-02, .4198939E-02, .3725592E-03
-2.48E-03,-3.35E-03,-5.70E-04, .3611399E-02, .7151415E-02
 .1038005E-01, .1254550E-01, .1244829E-01, .1108767E-01, .8500997E-02
 .3603023E-02,-1.50E-03,-4.66E-03,-6.31E-03,-8.29E-03
-1.13E-02,-1.46E-02,-1.53E-02,-1.40E-02,-1.26E-02
-1.01E-02,-5.27E-03, .1768847E-02, .1008897E-01, .1724968E-01
 .2164769E-01, .2387866E-01, .2512177E-01, .2701569E-01, .2897687E-01
 .2965904E-01, .2962404E-01, .2967442E-01, .2887743E-01, .2731447E-01
 .2522503E-01, .2219287E-01, .1778568E-01, .1152807E-01, .4965291E-02
-4.81E-04,-5.19E-03,-8.73E-03,-1.01E-02,-1.00E-02
-9.89E-03,-1.00E-02,-9.94E-03,-8.96E-03,-7.26E-03
-5.56E-03,-3.10E-03, .1371551E-02, .6435738E-02, .1062495E-01
 .1298625E-01, .1270413E-01, .1099895E-01, .9003374E-02, .6096524E-02
 .2967202E-02, .8385846E-03, .1229216E-03, .1028789E-02, .3393943E-02
 .5591003E-02, .6892866E-02, .7236018E-02, .7157185E-02, .7196682E-02
 .7071057E-02, .6050290E-02, .3668331E-02, .4799802E-03,-1.77E-03
-2.81E-03,-3.43E-03,-2.84E-03,-7.72E-04, .1091064E-02
 .1664712E-02, .6339856E-04,-4.14E-03,-1.02E-02,-1.78E-02
-2.51E-02,-2.95E-02,-3.08E-02,-2.99E-02,-2.89E-02
-2.88E-02,-2.78E-02,-2.43E-02,-1.81E-02,-1.06E-02
-3.92E-03, .1445851E-02, .4350095E-02, .3810123E-02, .1785743E-02
-5.19E-04,-2.63E-03,-2.94E-03,-2.54E-03,-3.12E-03
-3.08E-03,-1.84E-03, .1200920E-02, .6402646E-02, .1283703E-01
 .1863568E-01, .2365148E-01, .2801973E-01, .3112285E-01, .3335184E-01
 .3410646E-01, .3275535E-01, .2828911E-01, .2048566E-01, .1121024E-01
 .2011553E-02,-6.98E-03,-1.40E-02,-1.87E-02,-2.22E-02
-2.40E-02,-2.27E-02,-1.96E-02,-1.50E-02,-9.22E-03
-3.60E-03, .1661955E-02, .6146072E-02, .8128721E-02, .7840070E-02
 .6018012E-02, .2853806E-02,-3.97E-04,-4.05E-03,-8.87E-03
-1.28E-02,-1.31E-02,-1.08E-02,-8.00E-03,-4.24E-03
-7.44E-05, .3498072E-02, .7191846E-02, .1084370E-01, .1383543E-01
 .1593290E-01, .1676648E-01, .1707604E-01, .1657101E-01, .1449245E-01
 .1039640E-01, .5479512E-02,-9.32E-05,-5.88E-03,-1.04E-02
-1.42E-02,-1.62E-02,-1.45E-02,-9.54E-03,-3.53E-03
 .2468696E-02, .9385320E-02, .1556596E-01, .1994568E-01, .2335861E-01
 .2503463E-01, .2474734E-01, .2236393E-01, .1723121E-01, .1030331E-01
 .3640894E-02,-7.42E-04,-1.55E-03,-1.94E-04, .1476451E-02
 .3536135E-02, .7148511E-02, .1209353E-01, .1665159E-01, .1962994E-01
 .1869240E-01, .1385370E-01, .7166690E-02, .1172760E-03,-6.12E-03
-1.09E-02,-1.52E-02,-1.93E-02,-2.31E-02,-2.61E-02
-2.74E-02,-2.70E-02,-2.58E-02,-2.42E-02,-2.03E-02
-1.46E-02,-8.32E-03,-1.24E-03, .6216365E-02, .1254774E-01
 .1616771E-01, .1688529E-01, .1618910E-01, .1440531E-01, .1186399E-01
 .9202905E-02, .8183610E-02, .8825420E-02, .9828908E-02, .1091768E-01
 .1080875E-01, .9741718E-02, .9192846E-02, .8511914E-02, .7283607E-02
 .5188053E-02, .1637789E-02,-2.20E-03,-6.08E-03,-1.01E-02
-1.32E-02,-1.51E-02,-1.75E-02,-2.01E-02,-2.15E-02
-2.30E-02,-2.39E-02,-2.10E-02,-1.53E-02,-1.03E-02
-7.11E-03,-4.83E-03,-4.04E-03,-5.01E-03,-5.99E-03
-6.45E-03,-6.14E-03,-5.44E-03,-4.68E-03,-3.94E-03
-3.51E-03,-3.72E-03,-2.83E-03,-9.05E-04,-5.41E-04
-2.05E-03,-4.09E-03,-6.40E-03,-1.02E-02,-1.60E-02
-2.17E-02,-2.50E-02,-2.64E-02,-2.62E-02,-2.39E-02
-2.06E-02,-1.79E-02,-1.64E-02,-1.52E-02,-1.31E-02
-1.08E-02,-9.94E-03,-9.48E-03,-7.58E-03,-4.91E-03
-2.31E-03, .1394539E-02, .5347141E-02, .8411422E-02, .1121737E-01
 .1327373E-01, .1422001E-01, .1333331E-01, .1011104E-01, .5281670E-02
 .6345973E-04,-3.94E-03,-4.42E-03,-1.33E-03, .3772555E-02
 .1024586E-01, .1693288E-01, .2345128E-01, .2789727E-01, .3002744E-01
 .3073459E-01, .3070119E-01, .2935899E-01, .2678553E-01, .2367009E-01
 .2078183E-01, .1967691E-01, .2034569E-01, .2043963E-01, .1845723E-01
 .1482556E-01, .1087808E-01, .8481263E-02, .7694669E-02, .7843526E-02
 .7614111E-02, .6807599E-02, .6401650E-02, .4811015E-02, .1097211E-02
-1.83E-03,-1.33E-03, .1803207E-02, .5615605E-02, .9235371E-02
 .1103033E-01, .1111284E-01, .1040079E-01, .8171682E-02, .5014913E-02
 .2205673E-02, .4753421E-03,-3.46E-05, .4175801E-03, .6489780E-03
-9.37E-04,-3.41E-03,-3.79E-03,-2.72E-03,-2.97E-03
-4.21E-03,-5.37E-03,-6.83E-03,-8.79E-03,-9.92E-03
-1.00E-02,-8.75E-03,-5.84E-03,-1.53E-03, .4409132E-02
 .1055173E-01, .1507491E-01, .1754102E-01, .1694571E-01, .1288436E-01
 .6608064E-02,-1.55E-04,-6.01E-03,-9.87E-03,-1.14E-02
-1.29E-02,-1.56E-02,-1.57E-02,-1.25E-02,-8.80E-03
-4.71E-03, .7853117E-04, .5048180E-02, .9145299E-02, .1065426E-01
 .9365636E-02, .6054029E-02, .2194467E-02,-1.69E-03,-5.65E-03
-8.72E-03,-9.58E-03,-8.18E-03,-6.30E-03,-5.29E-03
-4.93E-03,-4.08E-03,-3.13E-03,-3.30E-03,-3.08E-03
-2.57E-03,-3.20E-03,-3.81E-03,-3.23E-03,-2.03E-03
-2.42E-04, .2136627E-02, .3016541E-02, .1906805E-02, .2022449E-04
-2.66E-03,-4.70E-03,-4.08E-03,-1.67E-03, .1058580E-02
 .3365376E-02, .4263995E-02, .3125506E-02,-5.95E-05,-4.32E-03
-7.79E-03,-1.07E-02,-1.39E-02,-1.71E-02,-1.95E-02
-2.16E-02,-2.25E-02,-2.05E-02,-1.75E-02,-1.60E-02
-1.56E-02,-1.43E-02,-1.14E-02,-9.17E-03,-8.47E-03
-8.89E-03,-9.57E-03,-1.11E-02,-1.40E-02,-1.65E-02
-1.78E-02,-1.98E-02,-2.20E-02,-2.44E-02,-2.67E-02
-2.81E-02,-2.82E-02,-2.63E-02,-2.21E-02,-1.71E-02
-1.21E-02,-7.40E-03,-3.93E-03,-8.27E-04, .2408141E-02
 .4362419E-02, .4148951E-02, .4480021E-02, .5221873E-02, .3298584E-02
-1.59E-03,-6.20E-03,-8.32E-03,-9.92E-03,-1.24E-02
-1.39E-02,-1.32E-02,-1.08E-02,-6.38E-03, .7694994E-04
 .5461917E-02, .8434135E-02, .1069143E-01, .1226047E-01, .1294165E-01
 .1330121E-01, .1489797E-01, .1875141E-01, .2190626E-01, .2236834E-01
 .2177280E-01, .2135944E-01, .2168179E-01, .2323838E-01, .2599219E-01
 .2800192E-01, .2788171E-01, .2725219E-01, .2650265E-01, .2444956E-01
 .2130432E-01, .1834744E-01, .1693096E-01, .1716280E-01, .1782792E-01
 .1880125E-01, .2013778E-01, .2041493E-01, .1877181E-01, .1669289E-01
 .1528035E-01, .1560782E-01, .1816647E-01, .2117582E-01, .2310997E-01
 .2394614E-01, .2419996E-01, .2461083E-01, .2511552E-01, .2485886E-01
 .2412841E-01, .2312412E-01, .2085129E-01, .1768918E-01, .1535591E-01
 .1347878E-01, .1136719E-01, .1046245E-01, .1072636E-01, .1135165E-01
 .1164160E-01, .1250162E-01, .1467703E-01, .1635141E-01, .1445111E-01
 .1002325E-01, .5337957E-02, .1324250E-03,-5.36E-03,-9.07E-03
-1.02E-02,-1.02E-02,-1.00E-02,-9.54E-03,-8.34E-03
-7.17E-03,-6.16E-03,-5.26E-03,-5.02E-03,-5.69E-03
-7.00E-03,-8.39E-03,-8.92E-03,-7.61E-03,-5.61E-03
-4.93E-03,-5.32E-03,-5.48E-03,-4.99E-03,-3.71E-03
-2.65E-03,-3.06E-03,-4.48E-03,-6.75E-03,-8.85E-03
-9.88E-03,-9.89E-03,-1.01E-02,-1.18E-02,-1.40E-02
-1.48E-02,-1.42E-02,-1.41E-02,-1.44E-02,-1.30E-02
-1.07E-02,-9.84E-03,-9.74E-03,-8.88E-03,-7.36E-03
-6.67E-03,-7.95E-03,-9.79E-03,-1.11E-02,-1.16E-02
-1.07E-02,-1.01E-02,-1.01E-02,-9.34E-03,-7.84E-03
-7.75E-03,-9.88E-03,-1.31E-02,-1.57E-02,-1.66E-02
-1.68E-02,-1.77E-02,-1.91E-02,-2.07E-02,-2.23E-02
-2.40E-02,-2.39E-02,-2.17E-02,-1.92E-02,-1.76E-02
-1.64E-02,-1.54E-02,-1.38E-02,-1.11E-02,-9.63E-03
-9.66E-03,-9.35E-03,-7.16E-03,-3.77E-03,-4.95E-04
 .1574097E-02, .2840134E-02, .3986105E-02, .4817473E-02, .4312849E-02
 .1499460E-02,-2.24E-03,-4.94E-03,-6.88E-03,-9.75E-03
-1.24E-02,-1.31E-02,-1.23E-02,-1.03E-02,-7.01E-03
-2.33E-03, .1866470E-02, .4599363E-02, .5879121E-02, .6458621E-02
 .6719773E-02, .6798021E-02, .7272844E-02, .8245731E-02, .9372068E-02
 .9046274E-02, .6589788E-02, .3748073E-02, .1492720E-02, .1174864E-03
-5.95E-04,-8.27E-04,-1.74E-04, .7038199E-03, .1591083E-02
 .3064908E-02, .4152776E-02, .4313212E-02, .4397844E-02, .5323064E-02
 .7310516E-02, .1006242E-01, .1241163E-01, .1349380E-01, .1411228E-01
 .1498089E-01, .1558442E-01, .1629357E-01, .1731522E-01, .1766925E-01
 .1764912E-01, .1884769E-01, .2124535E-01, .2287583E-01, .2372147E-01
 .2349023E-01, .2154955E-01, .1907973E-01, .1686298E-01, .1480549E-01
 .1389594E-01, .1462989E-01, .1645490E-01, .1835253E-01, .1995556E-01
 .2084704E-01, .2048963E-01, .1789506E-01, .1409714E-01, .1075820E-01
 .8365156E-02, .7787529E-02, .8893711E-02, .9334093E-02, .8080683E-02
 .6313428E-02, .4670128E-02, .3942880E-02, .4192400E-02, .4884636E-02
 .4613831E-02, .2051764E-02,-1.58E-03,-5.06E-03,-7.99E-03
-9.93E-03,-1.03E-02,-8.77E-03,-6.33E-03,-4.78E-03
-4.59E-03,-5.09E-03,-5.91E-03,-7.33E-03,-8.68E-03
-9.54E-03,-9.92E-03,-9.68E-03,-9.35E-03,-9.39E-03
-8.92E-03,-7.68E-03,-6.08E-03,-4.60E-03,-3.39E-03
-2.70E-03,-2.42E-03,-3.11E-03,-5.32E-03,-7.42E-03
-8.64E-03,-9.66E-03,-1.02E-02,-9.96E-03,-9.70E-03
-1.07E-02,-1.34E-02,-1.52E-02,-1.46E-02,-1.26E-02
-1.07E-02,-1.02E-02,-9.59E-03,-6.44E-03,-1.42E-03
 .2550504E-02, .4022177E-02, .3980543E-02, .1872863E-02,-2.22E-03
-6.29E-03,-9.30E-03,-1.01E-02,-9.04E-03,-7.46E-03
-5.38E-03,-2.66E-03, .6114750E-03, .3548657E-02, .5367451E-02
 .6602485E-02, .8602841E-02, .1138928E-01, .1344387E-01, .1406415E-01
 .1383890E-01, .1255603E-01, .1114222E-01, .1031233E-01, .9459719E-02
 .7273714E-02, .3690591E-02,-4.55E-04,-4.02E-03,-5.75E-03
-5.73E-03,-5.00E-03,-3.78E-03,-1.94E-03,-8.02E-04
-4.45E-04,-4.17E-04,-2.67E-04,-7.10E-05, .2129735E-03
 .7706499E-03, .1704741E-02, .2896845E-02, .3201295E-02, .2600653E-02
 .4632944E-03,-2.48E-03,-3.89E-03,-4.17E-03,-4.56E-03
-4.92E-03,-5.37E-03,-5.88E-03,-5.36E-03,-3.45E-03
-2.16E-03,-3.13E-03,-4.96E-03,-5.46E-03,-4.62E-03
-4.75E-03,-5.28E-03,-6.51E-03,-8.63E-03,-1.00E-02
-1.04E-02,-1.01E-02,-9.34E-03,-8.62E-03,-9.37E-03
-1.13E-02,-1.25E-02,-1.13E-02,-9.93E-03,-9.78E-03
-1.00E-02,-1.01E-02,-1.01E-02,-1.01E-02,-9.97E-03
-9.85E-03,-1.03E-02,-1.16E-02,-1.27E-02,-1.23E-02
-1.09E-02,-1.01E-02,-8.97E-03,-7.30E-03,-7.04E-03
-8.23E-03,-8.58E-03,-6.59E-03,-4.30E-03,-3.72E-03
-3.77E-03,-3.02E-03,-1.00E-03, .1333187E-02, .2643556E-02
 .3381341E-02, .4218383E-02, .5493712E-02, .7414541E-02, .9778708E-02
 .1185569E-01, .1366132E-01, .1590347E-01, .1815840E-01, .1920143E-01
 .1919671E-01, .1937792E-01, .2017094E-01, .2039300E-01, .1934908E-01
 .1845075E-01, .1778090E-01, .1661831E-01, .1488496E-01, .1226493E-01
 .1008680E-01, .9928166E-02, .1168750E-01, .1434038E-01, .1668691E-01
 .1759689E-01, .1779769E-01, .1699391E-01, .1425386E-01, .1162878E-01
 .9935541E-02, .8736007E-02, .9721006E-02, .1153956E-01, .1161047E-01
 .9953000E-02, .7977419E-02, .6670523E-02, .6181965E-02, .6527172E-02
 .7459663E-02, .9191310E-02, .1116415E-01, .1230133E-01, .1212729E-01
 .1065688E-01, .8905374E-02, .7891501E-02, .6196469E-02, .3242812E-02
 .2625973E-03,-1.63E-03,-2.00E-03,-1.39E-03, .3327574E-03
 .3105685E-02, .5751537E-02, .7489030E-02, .7810529E-02, .6851428E-02
 .6072038E-02, .5953205E-02, .5206090E-02, .2799152E-02, .8823450E-03
-5.60E-04,-2.83E-03,-4.82E-03,-6.25E-03,-7.81E-03
-9.05E-03,-9.42E-03,-9.45E-03,-9.76E-03,-1.02E-02
-1.03E-02,-9.18E-03,-7.10E-03,-5.98E-03,-5.84E-03
-5.22E-03,-4.42E-03,-4.53E-03,-5.80E-03,-7.76E-03
-1.02E-02,-1.17E-02,-1.17E-02,-1.14E-02,-1.06E-02
-1.01E-02,-9.94E-03,-8.98E-03,-7.31E-03,-6.32E-03
-6.20E-03,-5.80E-03,-5.39E-03,-5.43E-03,-6.74E-03
-9.06E-03,-1.03E-02,-1.02E-02,-9.92E-03,-9.94E-03
-1.01E-02,-9.94E-03,-8.73E-03,-6.62E-03,-4.65E-03
-3.87E-03,-3.80E-03,-4.52E-03,-5.56E-03,-6.72E-03
-7.42E-03,-6.35E-03,-4.66E-03,-3.75E-03,-3.27E-03
-1.70E-03, .1440970E-03, .9864683E-03, .1165565E-02, .5289788E-03
-1.42E-03,-3.45E-03,-4.39E-03,-3.59E-03,-2.80E-03
-4.70E-03,-7.08E-03,-7.94E-03,-8.51E-03,-1.08E-02
-1.45E-02,-1.66E-02,-1.64E-02,-1.41E-02,-1.13E-02
-9.52E-03,-7.50E-03,-4.93E-03,-3.30E-03,-2.09E-03
-2.37E-03,-4.63E-03,-7.51E-03,-9.66E-03,-1.03E-02
-9.80E-03,-8.89E-03,-7.66E-03,-5.72E-03,-3.28E-03
-1.28E-03, .2841203E-03, .2441041E-02, .3614314E-02, .3242034E-02
 .2253507E-02, .1351587E-02, .1072241E-02, .7660401E-03, .7084676E-03
 .1504535E-02, .1890487E-02, .2159976E-02, .2849247E-02, .3518149E-02
 .3687531E-02, .3994547E-02, .5322250E-02, .6730800E-02, .8158505E-02
 .9476952E-02, .1004344E-01, .1033506E-01, .1087849E-01, .1143550E-01
 .1230669E-01, .1309678E-01, .1323758E-01, .1392259E-01, .1395645E-01
 .1223916E-01, .9366744E-02, .7032226E-02, .5949514E-02, .6567308E-02
 .7900126E-02, .9022137E-02, .1162024E-01, .1442459E-01, .1571717E-01
 .1650969E-01, .1761465E-01, .1797651E-01, .1753398E-01, .1668791E-01
 .1544925E-01, .1491207E-01, .1587192E-01, .1709296E-01, .1754163E-01
 .1698209E-01, .1571736E-01, .1492148E-01, .1407574E-01, .1269707E-01
 .1142616E-01, .9906775E-02, .8248384E-02, .5968198E-02, .4170152E-02
 .4234483E-02, .5433054E-02, .5848862E-02, .5850844E-02, .6100791E-02
 .5851271E-02, .5770710E-02, .6051015E-02, .5433941E-02, .4141140E-02
 .2201027E-02,-3.19E-04,-1.61E-03,-1.94E-03,-2.54E-03
-3.21E-03,-3.83E-03,-4.20E-03,-3.39E-03,-2.48E-03
-2.72E-03,-3.01E-03,-3.06E-03,-3.54E-03,-4.67E-03
-6.35E-03,-7.97E-03,-8.17E-03,-7.03E-03,-5.55E-03
-4.88E-03,-5.20E-03,-5.45E-03,-5.81E-03,-6.74E-03
-6.82E-03,-5.57E-03,-4.37E-03,-4.36E-03,-5.90E-03
-7.57E-03,-8.74E-03,-9.36E-03,-8.39E-03,-6.44E-03
-4.95E-03,-4.23E-03,-4.38E-03,-4.76E-03,-4.83E-03
-3.67E-03,-1.14E-03, .1309204E-02, .1362151E-02,-1.19E-03
-4.68E-03,-8.27E-03,-9.96E-03,-1.00E-02,-1.10E-02
-1.33E-02,-1.56E-02,-1.83E-02,-2.06E-02,-2.23E-02
-2.45E-02,-2.67E-02,-2.79E-02,-2.72E-02,-2.48E-02
-2.10E-02,-1.61E-02,-1.05E-02,-6.04E-03,-4.10E-03
-4.31E-03,-4.49E-03,-4.13E-03,-5.11E-03,-6.18E-03
-5.16E-03,-3.54E-03,-3.28E-03,-3.73E-03,-4.14E-03
-5.04E-03,-5.89E-03,-5.67E-03,-4.29E-03,-1.87E-03
 .3728206E-03, .2094642E-02, .3209506E-02, .3106890E-02, .3738159E-02
 .5488601E-02, .6533023E-02, .6460878E-02, .6440504E-02, .5905325E-02
 .3759581E-02, .8642093E-03,-1.38E-03,-2.67E-03,-3.15E-03
-3.04E-03,-2.86E-03,-1.73E-03,-7.53E-04,-7.47E-04
-3.65E-04, .4596551E-03, .1046631E-02, .2408495E-02, .4250216E-02
 .4901058E-02, .5345753E-02, .6240114E-02, .6278663E-02, .5242105E-02
 .3976868E-02, .1984202E-02, .1204753E-03,-1.37E-03,-2.04E-03
-1.18E-03, .9496425E-03, .3669042E-02, .7073659E-02, .1051968E-01
 .1255513E-01, .1368806E-01, .1470632E-01, .1562702E-01, .1637283E-01
 .1633779E-01, .1470763E-01, .1298839E-01, .1199435E-01, .9804032E-02
 .7132053E-02, .6066873E-02, .7054134E-02, .8920840E-02, .1041353E-01
 .1034652E-01, .9734139E-02, .9394883E-02, .8551172E-02, .7222591E-02
 .5575254E-02, .3445246E-02, .2450911E-02, .3246384E-02, .3168337E-02
 .1402542E-02, .3746534E-03, .2223317E-03,-4.44E-05,-4.99E-04
-1.14E-03,-1.24E-03,-4.74E-04, .9809394E-03, .3325071E-02
 .5652838E-02, .6641885E-02, .6998601E-02, .7337618E-02, .6957687E-02
 .6370834E-02, .6547817E-02, .7034716E-02, .7112256E-02, .6343880E-02
 .5443130E-02, .4524890E-02, .3313342E-02, .1958615E-02, .1624832E-02
 .2889206E-02, .4541185E-02, .6944417E-02, .1088169E-01, .1429531E-01
 .1603467E-01, .1691197E-01, .1630213E-01, .1406941E-01, .1152904E-01
 .8607045E-02, .6016902E-02, .4235785E-02, .1098558E-02,-3.20E-03
-7.17E-03,-1.04E-02,-1.25E-02,-1.24E-02,-1.09E-02
-9.06E-03,-6.89E-03,-4.78E-03,-3.09E-03,-1.91E-03
-1.58E-03,-2.11E-03,-1.84E-03,-1.66E-03,-3.15E-03
-6.06E-03,-8.96E-03,-1.01E-02,-9.45E-03,-8.78E-03
-9.26E-03,-9.31E-03,-7.90E-03,-5.75E-03,-4.08E-03
-3.72E-03,-4.58E-03,-5.77E-03,-6.27E-03,-5.42E-03
-5.07E-03,-6.29E-03,-6.92E-03,-6.94E-03,-7.67E-03
-9.22E-03,-1.02E-02,-1.02E-02,-9.32E-03,-7.65E-03
-6.16E-03,-4.81E-03,-3.18E-03,-1.26E-03, .8659843E-03
 .2032916E-02, .1494091E-02, .1712288E-02, .2898830E-02, .2437051E-02
 .8855284E-03,-1.86E-04,-9.37E-04,-1.31E-03,-1.83E-03
-3.02E-03,-4.44E-03,-5.98E-03,-7.18E-03,-7.53E-03
-7.79E-03,-8.17E-03,-8.35E-03,-8.18E-03,-7.25E-03
-6.35E-03,-6.15E-03,-5.00E-03,-3.67E-03,-4.07E-03
-4.64E-03,-4.29E-03,-3.68E-03,-3.02E-03,-2.70E-03
-2.60E-03,-1.84E-03,-1.42E-05, .1514789E-02, .2580097E-02
 .3827772E-02, .5130605E-02, .6069806E-02, .6191439E-02, .6788167E-02
 .7515431E-02, .6732064E-02, .6006322E-02, .6006652E-02, .5489689E-02
 .4429990E-02, .3548172E-02, .2559406E-02, .1660476E-02, .7047522E-03
-3.31E-04,-7.66E-04,-1.11E-03,-1.21E-03,-8.49E-04
-2.38E-04, .9389280E-03, .2570945E-02, .3280013E-02, .3096999E-02
 .1862051E-02,-3.69E-04,-8.69E-04, .1959323E-03,-1.79E-04
-1.72E-03,-1.71E-03,-7.87E-04, .1752213E-03, .1053694E-02
 .1727521E-02, .3146344E-02, .4678980E-02, .5020616E-02, .3945089E-02
 .2526390E-02, .1197913E-02, .4202345E-03,-2.15E-04,-1.45E-04
 .4550536E-03, .7156879E-03, .1387582E-02, .2425007E-02, .2781104E-02
 .2290679E-02, .2322121E-02, .2601571E-02, .2360505E-02, .2354240E-02
 .1962147E-02, .6041944E-03,-2.45E-04,-4.00E-04,-1.24E-03
-2.24E-03,-2.02E-03,-1.77E-03,-2.10E-03,-2.24E-03
-2.66E-03,-3.70E-03,-5.06E-03,-6.72E-03,-7.05E-03
-6.24E-03,-5.44E-03,-3.99E-03,-1.24E-03, .1989334E-02
 .4850683E-02, .7338913E-02, .8023592E-02, .6962113E-02, .5701224E-02
 .4331590E-02, .3603541E-02, .4513351E-02, .5918889E-02, .5617294E-02
 .4431675E-02, .3807998E-02, .3615031E-02, .3448409E-02, .3949345E-02
 .4768862E-02, .5237158E-02, .6224482E-02, .7342356E-02, .8002710E-02
 .7698675E-02, .5886216E-02, .4605278E-02, .3659412E-02, .3203151E-02
 .4162091E-02, .6070376E-02, .7492485E-02, .7239007E-02, .6224344E-02
 .5915183E-02, .6555080E-02, .7909159E-02, .8478030E-02, .6495989E-02
 .3437698E-02, .1430353E-02,-1.99E-04,-2.92E-03,-6.07E-03
-7.65E-03,-7.31E-03,-6.36E-03,-5.61E-03,-4.80E-03
-3.55E-03,-2.21E-03,-1.21E-03,-7.50E-04,-1.02E-03
-2.19E-03,-3.78E-03,-4.59E-03,-4.83E-03,-4.55E-03
-4.41E-03,-4.41E-03,-4.06E-03,-3.80E-03,-4.10E-03
-5.64E-03,-7.92E-03,-8.71E-03,-7.88E-03,-6.62E-03
-5.00E-03,-4.18E-03,-3.71E-03,-3.04E-03,-2.51E-03
-2.24E-03,-1.61E-03,-2.10E-03,-4.44E-03,-6.59E-03
-7.86E-03,-9.29E-03,-1.08E-02,-1.15E-02,-1.07E-02
-9.95E-03,-9.95E-03,-9.31E-03,-7.51E-03,-5.93E-03
-5.10E-03,-4.28E-03,-3.80E-03,-4.10E-03,-4.68E-03
-5.13E-03,-5.61E-03,-5.77E-03,-4.95E-03,-3.10E-03
-1.95E-03,-2.91E-03,-3.26E-03,-2.10E-03,-1.29E-03
-1.16E-03,-9.29E-04,-8.83E-04,-1.70E-03,-2.73E-03
-3.64E-03,-3.70E-03,-2.38E-03, .3016557E-03, .3712430E-02
 .6424582E-02, .6789887E-02, .6517429E-02, .7189257E-02, .8041969E-02
 .8117697E-02, .8257004E-02, .7742348E-02, .6193545E-02, .4815493E-02
 .4022885E-02, .3271368E-02, .2714047E-02, .2399148E-02, .2083372E-02
 .1854360E-02, .1314787E-02, .1287846E-02, .1547502E-02, .1784467E-02
 .1953122E-02, .2054598E-02, .3268480E-02, .5128262E-02, .6342224E-02
 .6377956E-02, .6588344E-02, .6725986E-02, .5127600E-02, .2894612E-02
 .1674897E-02, .2087010E-02, .3271718E-02, .4239491E-02, .5419092E-02
 .5819083E-02, .5204640E-02, .4933949E-02, .5113957E-02, .5143052E-02
 .3967785E-02, .2805893E-02, .3799925E-02, .6570214E-02, .8738426E-02
 .9091192E-02, .9890715E-02, .1060973E-01, .1025115E-01, .9387338E-02
 .8438814E-02, .7349049E-02, .5953566E-02, .4475941E-02, .3368201E-02
 .2048616E-02, .7128419E-03, .4251825E-03, .8098944E-03, .7415716E-03
 .4374229E-03, .1165920E-02, .2739599E-02, .3365487E-02, .2309957E-02
 .1243843E-02, .1684682E-02, .1930708E-02, .1026521E-02, .4797121E-03
 .4809850E-03, .4131816E-03, .1043492E-03,-1.84E-04, .3055468E-03
 .8119013E-03, .2511194E-03,-6.57E-04,-2.17E-03,-4.19E-03
-5.03E-03,-4.30E-03,-2.83E-03,-1.66E-03,-3.06E-04
 .1573594E-02, .3662312E-02, .4184036E-02, .3216717E-02, .2622356E-02
 .2097877E-02, .1054555E-02, .1012729E-03,-1.11E-03,-3.03E-03
-5.28E-03,-7.31E-03,-8.38E-03,-8.33E-03,-7.58E-03
-6.73E-03,-6.82E-03,-7.30E-03,-7.34E-03,-6.83E-03
-5.57E-03,-3.98E-03,-3.52E-03,-4.69E-03,-5.58E-03
-6.07E-03,-6.55E-03,-7.06E-03,-7.66E-03,-7.50E-03
-6.98E-03,-7.19E-03,-7.55E-03,-7.51E-03,-6.87E-03
-5.34E-03,-3.78E-03,-2.78E-03,-1.91E-03,-1.32E-03
-1.63E-03,-1.88E-03,-1.18E-03, .1535598E-04, .8615493E-03
 .7047284E-03, .5808885E-03, .1750374E-02, .3734224E-02, .4373175E-02
 .3680010E-02, .3375889E-02, .3870163E-02, .4371998E-02, .4452790E-02
 .3816279E-02, .2704501E-02, .2409383E-02, .2772564E-02, .2936179E-02
 .2901867E-02, .3128030E-02, .3465524E-02, .3450110E-02, .3278956E-02
 .2495417E-02, .1235633E-02, .4722097E-03, .4213984E-03, .3459387E-03
 .8603009E-05,-5.86E-05, .7729915E-03, .1987117E-02, .2614224E-02
 .2663959E-02, .2364681E-02, .1865781E-02, .1446523E-02, .1611971E-02
 .1880166E-02, .1336934E-02, .6361060E-03, .3505382E-03, .9888151E-05
-4.06E-04,-2.80E-04, .8898789E-03, .2371829E-02, .3014066E-02
 .2553296E-02, .2046909E-02, .1935424E-02, .1363596E-02, .4426104E-03
-1.10E-04,-4.63E-04,-6.58E-04,-7.31E-04,-9.43E-04
-9.92E-04,-6.35E-04,-3.60E-04,-3.24E-04,-6.00E-05
 .3166395E-03, .5004738E-03, .5874241E-03, .1078954E-03,-5.40E-04
-9.29E-04,-1.36E-03,-1.52E-03,-1.60E-03,-2.05E-03
-2.46E-03,-2.59E-03,-3.30E-03,-4.34E-03,-4.28E-03
-3.90E-03,-4.20E-03,-4.22E-03,-3.53E-03,-3.02E-03
-3.42E-03,-4.20E-03,-4.44E-03,-4.24E-03,-4.06E-03
-4.01E-03,-3.86E-03,-3.52E-03,-3.17E-03,-2.65E-03
-2.24E-03,-2.32E-03,-2.32E-03,-2.25E-03,-2.09E-03
-1.83E-03,-1.75E-03,-1.78E-03,-1.76E-03,-1.71E-03
-1.71E-03,-1.54E-03,-1.07E-03,-6.50E-04,-7.11E-04
-1.02E-03,-1.09E-03,-1.20E-03,-1.47E-03,-1.42E-03
-1.04E-03,-7.20E-04,-3.07E-04, .1474962E-03, .4732032E-03
 .5012275E-03, .3876375E-03, .5424882E-03, .8002478E-03, .8555360E-03
 .7947612E-03, .7424203E-03, .6589344E-03, .5493237E-03, .6680919E-03
 .9146349E-03, .9921543E-03, .1017844E-02, .1148430E-02, .1337493E-02
 .1513160E-02, .1602139E-02, .1666432E-02, .1688172E-02, .1701605E-02
 .1777020E-02, .1870868E-02, .1888437E-02, .1897240E-02, .2031018E-02
 .2056944E-02, .1956378E-02, .1952146E-02, .2023725E-02, .2055005E-02
 .1954324E-02, .1753048E-02, .1667919E-02, .1665837E-02, .1667357E-02
 .1697619E-02, .1773050E-02, .1892152E-02, .1924209E-02, .1778308E-02
 .1620609E-02, .1506048E-02, .1357811E-02, .1209408E-02, .1212506E-02
 .1266520E-02, .1184987E-02, .1085923E-02, .1054800E-02, .1020821E-02
 .9479245E-03, .8891298E-03, .9009150E-03, .9755771E-03, .1039363E-02
 .1012536E-02, .8966187E-03, .8102474E-03, .7390524E-03, .6036560E-03
 .4875043E-03, .4325514E-03, .4093486E-03, .3869199E-03, .3879627E-03
 .3791336E-03, .3260061E-03, .2919222E-03, .2773015E-03, .2778897E-03
 .2622350E-03, .2063069E-03, .1573408E-03, .1213727E-03, .8254107E-04
 .3347449E-04,-1.02E-05,-2.61E-05,-2.28E-05,-2.13E-05
-3.15E-05,-4.26E-05,-5.05E-05,-6.17E-05,-6.65E-05
-6.52E-05,-6.68E-05,-6.30E-05,-6.28E-05,-6.47E-05
-6.96E-05,-8.85E-05,-1.03E-04,-1.06E-04,-1.02E-04
-9.95E-05,-1.01E-04,-1.01E-04,-9.37E-05,-8.15E-05
-7.46E-05,-7.30E-05,-7.44E-05,-7.83E-05,-8.09E-05
-8.13E-05,-8.39E-05,-8.52E-05,-8.60E-05,-8.99E-05
-9.35E-05,-9.40E-05,-9.22E-05,-9.03E-05,-8.91E-05
-9.02E-05,-9.24E-05,-9.49E-05,-9.79E-05,-1.00E-04
-1.03E-04,-1.06E-04,-1.09E-04,-1.11E-04,-1.13E-04
-1.14E-04,-1.15E-04,-1.17E-04,-1.18E-04,-1.20E-04
-1.21E-04,-1.23E-04,-1.24E-04,-1.26E-04,-1.28E-04
-1.30E-04,-1.31E-04,-1.33E-04,-1.35E-04,-1.36E-04
-1.38E-04,-1.40E-04,-1.41E-04,-1.43E-04,-1.44E-04
-1.46E-04,-1.47E-04,-1.48E-04,-1.50E-04,-1.51E-04
-1.52E-04,,,,
